id,title,authors,translators,subjects,bookshelves,languages,copyright,media_type,formats,download_count,text_filename
62,A Princess of Mars,"[{'name': 'Burroughs, Edgar Rice', 'birth_year': 1875, 'death_year': 1950}]",[],"['Carter, John (Fictitious character) -- Fiction', 'Dejah Thoris (Fictitious character) -- Fiction', 'Mars (Planet) -- Fiction', 'Princesses -- Fiction', 'Science fiction']","['Best Books Ever Listings', 'Science Fiction']",['en'],False,Text,"{'text/html': 'https://www.gutenberg.org/ebooks/62.html.images', 'application/epub+zip': 'https://www.gutenberg.org/ebooks/62.epub3.images', 'application/x-mobipocket-ebook': 'https://www.gutenberg.org/ebooks/62.kf8.images', 'application/rdf+xml': 'https://www.gutenberg.org/ebooks/62.rdf', 'image/jpeg': 'https://www.gutenberg.org/cache/epub/62/pg62.cover.medium.jpg', 'application/octet-stream': 'https://www.gutenberg.org/files/62/62-0.zip', 'text/plain; charset=us-ascii': 'https://www.gutenberg.org/ebooks/62.txt.utf-8'}",1820,62.txt
68283,The call of Cthulhu,"[{'name': 'Lovecraft, H. P. (Howard Phillips)', 'birth_year': 1890, 'death_year': 1937}]",[],"['Cthulhu (Fictitious character) -- Fiction', 'Horror tales']",[],['en'],False,Text,"{'text/html': 'https://www.gutenberg.org/ebooks/68283.html.images', 'application/epub+zip': 'https://www.gutenberg.org/ebooks/68283.epub3.images', 'application/x-mobipocket-ebook': 'https://www.gutenberg.org/ebooks/68283.kf8.images', 'application/rdf+xml': 'https://www.gutenberg.org/ebooks/68283.rdf', 'image/jpeg': 'https://www.gutenberg.org/cache/epub/68283/pg68283.cover.medium.jpg', 'text/plain; charset=us-ascii': 'https://www.gutenberg.org/ebooks/68283.txt.utf-8', 'application/octet-stream': 'https://www.gutenberg.org/cache/epub/68283/pg68283-h.zip'}",2236,68283.txt
1200,Gargantua and Pantagruel,"[{'name': 'Rabelais, François', 'birth_year': None, 'death_year': None}]","[{'name': 'Motteux, Peter Anthony', 'birth_year': 1660, 'death_year': 1718}, {'name': 'Urquhart, Thomas, Sir', 'birth_year': 1611, 'death_year': 1660}]","['Fantasy fiction, French -- Translations into English', 'Gargantua (Legendary character) -- Fiction', 'Giants -- Fiction']","[""Banned Books from Anne Haight's list"", 'Best Books Ever Listings']",['en'],False,Text,"{'text/html': 'https://www.gutenberg.org/ebooks/1200.html.images', 'text/html; charset=iso-8859-1': 'https://www.gutenberg.org/files/1200/1200-h/1200-h.htm', 'application/epub+zip': 'https://www.gutenberg.org/ebooks/1200.epub3.images', 'application/x-mobipocket-ebook': 'https://www.gutenberg.org/ebooks/1200.kf8.images', 'text/plain; charset=utf-8': 'https://www.gutenberg.org/files/1200/1200-0.txt', 'application/rdf+xml': 'https://www.gutenberg.org/ebooks/1200.rdf', 'image/jpeg': 'https://www.gutenberg.org/cache/epub/1200/pg1200.cover.medium.jpg', 'application/octet-stream': 'https://www.gutenberg.org/cache/epub/1200/pg1200-h.zip', 'text/plain; charset=us-ascii': 'https://www.gutenberg.org/ebooks/1200.txt.utf-8'}",2110,1200.txt
86,A Connecticut Yankee in King Arthur's Court,"[{'name': 'Twain, Mark', 'birth_year': 1835, 'death_year': 1910}]",[],"['Americans -- Great Britain -- Fiction', 'Arthurian romances -- Adaptations', 'Britons -- Fiction', 'Fantasy fiction', 'Kings and rulers -- Fiction', 'Knights and knighthood -- Fiction', 'Satire', 'Time travel -- Fiction']","['Arthurian Legends', 'Precursors of Science Fiction']",['en'],False,Text,"{'text/html': 'https://www.gutenberg.org/ebooks/86.html.images', 'application/epub+zip': 'https://www.gutenberg.org/ebooks/86.epub3.images', 'application/x-mobipocket-ebook': 'https://www.gutenberg.org/ebooks/86.kf8.images', 'application/rdf+xml': 'https://www.gutenberg.org/ebooks/86.rdf', 'image/jpeg': 'https://www.gutenberg.org/cache/epub/86/pg86.cover.medium.jpg', 'text/plain; charset=us-ascii': 'https://www.gutenberg.org/ebooks/86.txt.utf-8', 'application/octet-stream': 'https://www.gutenberg.org/cache/epub/86/pg86-h.zip'}",2273,86.txt
19033,Alice's Adventures in Wonderland,"[{'name': 'Carroll, Lewis', 'birth_year': 1832, 'death_year': 1898}]",[],"['Alice (Fictitious character from Carroll) -- Juvenile fiction', ""Children's stories"", 'Fantasy fiction', 'Imaginary places -- Juvenile fiction']","[""Children's Literature""]",['en'],False,Text,"{'text/html': 'https://www.gutenberg.org/ebooks/19033.html.images', 'text/html; charset=iso-8859-1': 'https://www.gutenberg.org/files/19033/19033-h/19033-h.htm', 'application/epub+zip': 'https://www.gutenberg.org/ebooks/19033.epub3.images', 'application/x-mobipocket-ebook': 'https://www.gutenberg.org/ebooks/19033.kf8.images', 'text/plain; charset=us-ascii': 'https://www.gutenberg.org/ebooks/19033.txt.utf-8', 'text/plain; charset=iso-8859-1': 'https://www.gutenberg.org/files/19033/19033-8.txt', 'application/rdf+xml': 'https://www.gutenberg.org/ebooks/19033.rdf', 'image/jpeg': 'https://www.gutenberg.org/cache/epub/19033/pg19033.cover.medium.jpg', 'application/octet-stream': 'https://www.gutenberg.org/cache/epub/19033/pg19033-h.zip'}",2090,19033.txt
36,The War of the Worlds,"[{'name': 'Wells, H. G. (Herbert George)', 'birth_year': 1866, 'death_year': 1946}]",[],"['Imaginary wars and battles -- Fiction', 'Life on other planets -- Fiction', 'Mars (Planet) -- Fiction', 'Martians -- Fiction', 'Science fiction', 'Space warfare -- Fiction', 'War stories']","['Movie Books', 'Science Fiction']",['en'],False,Text,"{'text/html': 'https://www.gutenberg.org/ebooks/36.html.images', 'application/epub+zip': 'https://www.gutenberg.org/ebooks/36.epub3.images', 'application/x-mobipocket-ebook': 'https://www.gutenberg.org/ebooks/36.kf8.images', 'application/rdf+xml': 'https://www.gutenberg.org/ebooks/36.rdf', 'image/jpeg': 'https://www.gutenberg.org/cache/epub/36/pg36.cover.medium.jpg', 'application/octet-stream': 'https://www.gutenberg.org/files/36/36-0.zip', 'text/plain; charset=us-ascii': 'https://www.gutenberg.org/ebooks/36.txt.utf-8'}",8019,36.txt
1064,The Masque of the Red Death,"[{'name': 'Poe, Edgar Allan', 'birth_year': 1809, 'death_year': 1849}]",[],"['Horror tales, American']",[],['en'],False,Text,"{'text/html': 'https://www.gutenberg.org/ebooks/1064.html.images', 'text/html; charset=utf-8': 'https://www.gutenberg.org/files/1064/1064-h/1064-h.htm', 'application/epub+zip': 'https://www.gutenberg.org/ebooks/1064.epub3.images', 'application/x-mobipocket-ebook': 'https://www.gutenberg.org/ebooks/1064.kf8.images', 'text/plain; charset=utf-8': 'https://www.gutenberg.org/files/1064/1064-0.txt', 'application/rdf+xml': 'https://www.gutenberg.org/ebooks/1064.rdf', 'image/jpeg': 'https://www.gutenberg.org/cache/epub/1064/pg1064.cover.medium.jpg', 'application/octet-stream': 'https://www.gutenberg.org/cache/epub/1064/pg1064-h.zip', 'text/plain; charset=us-ascii': 'https://www.gutenberg.org/ebooks/1064.txt.utf-8'}",1375,1064.txt
27805,The Wind in the Willows,"[{'name': 'Grahame, Kenneth', 'birth_year': 1859, 'death_year': 1932}]",[],"['Animals -- Fiction', 'Country life -- Fiction', 'England -- Fiction', 'Fantasy fiction', 'Friendship -- Fiction', 'Humorous stories', 'Pastoral fiction', 'River life -- Fiction']",[],['en'],False,Text,"{'text/html': 'https://www.gutenberg.org/ebooks/27805.html.images', 'text/html; charset=iso-8859-1': 'https://www.gutenberg.org/files/27805/27805-h/27805-h.htm', 'application/epub+zip': 'https://www.gutenberg.org/ebooks/27805.epub3.images', 'application/x-mobipocket-ebook': 'https://www.gutenberg.org/ebooks/27805.kf8.images', 'text/plain; charset=us-ascii': 'https://www.gutenberg.org/ebooks/27805.txt.utf-8', 'text/plain; charset=iso-8859-1': 'https://www.gutenberg.org/files/27805/27805-8.txt', 'application/rdf+xml': 'https://www.gutenberg.org/ebooks/27805.rdf', 'image/jpeg': 'https://www.gutenberg.org/cache/epub/27805/pg27805.cover.medium.jpg', 'application/octet-stream': 'https://www.gutenberg.org/cache/epub/27805/pg27805-h.zip'}",1564,27805.txt
35,The Time Machine,"[{'name': 'Wells, H. G. (Herbert George)', 'birth_year': 1866, 'death_year': 1946}]",[],"['Dystopias -- Fiction', 'Science fiction', 'Time travel -- Fiction']","['Movie Books', 'Science Fiction']",['en'],False,Text,"{'text/html': 'https://www.gutenberg.org/ebooks/35.html.images', 'text/html; charset=utf-8': 'https://www.gutenberg.org/files/35/35-h/35-h.htm', 'application/epub+zip': 'https://www.gutenberg.org/ebooks/35.epub3.images', 'application/x-mobipocket-ebook': 'https://www.gutenberg.org/ebooks/35.kf8.images', 'text/plain; charset=utf-8': 'https://www.gutenberg.org/files/35/35-0.txt', 'application/rdf+xml': 'https://www.gutenberg.org/ebooks/35.rdf', 'image/jpeg': 'https://www.gutenberg.org/cache/epub/35/pg35.cover.medium.jpg', 'application/octet-stream': 'https://www.gutenberg.org/cache/epub/35/pg35-h.zip', 'text/plain; charset=us-ascii': 'https://www.gutenberg.org/ebooks/35.txt.utf-8'}",5845,35.txt
42324,"Frankenstein; Or, The Modern Prometheus","[{'name': 'Shelley, Mary Wollstonecraft', 'birth_year': 1797, 'death_year': 1851}]",[],"[""Frankenstein's monster (Fictitious character) -- Fiction"", 'Frankenstein, Victor (Fictitious character) -- Fiction', 'Gothic fiction', 'Horror tales', 'Monsters -- Fiction', 'Science fiction', 'Scientists -- Fiction']","['Precursors of Science Fiction', 'Science Fiction by Women']",['en'],False,Text,"{'text/html': 'https://www.gutenberg.org/ebooks/42324.html.images', 'text/html; charset=iso-8859-1': 'https://www.gutenberg.org/files/42324/42324-h/42324-h.htm', 'application/epub+zip': 'https://www.gutenberg.org/ebooks/42324.epub3.images', 'application/x-mobipocket-ebook': 'https://www.gutenberg.org/ebooks/42324.kf8.images', 'text/plain; charset=iso-8859-1': 'https://www.gutenberg.org/files/42324/42324-8.txt', 'application/rdf+xml': 'https://www.gutenberg.org/ebooks/42324.rdf', 'image/jpeg': 'https://www.gutenberg.org/cache/epub/42324/pg42324.cover.medium.jpg', 'text/plain; charset=us-ascii': 'https://www.gutenberg.org/ebooks/42324.txt.utf-8', 'application/octet-stream': 'https://www.gutenberg.org/cache/epub/42324/pg42324-h.zip'}",2252,42324.txt
2488,Twenty Thousand Leagues Under the Seas: An Underwater Tour of the World,"[{'name': 'Verne, Jules', 'birth_year': 1828, 'death_year': 1905}]","[{'name': 'Walter, Frederick Paul', 'birth_year': 1943, 'death_year': None}]","['Adventure stories', 'Science fiction', 'Sea stories', 'Submarines (Ships) -- Fiction', 'Underwater exploration -- Fiction']","['Movie Books', 'Science Fiction']",['en'],True,Text,"{'text/html': 'https://www.gutenberg.org/ebooks/2488.html.images', 'application/epub+zip': 'https://www.gutenberg.org/ebooks/2488.epub3.images', 'application/x-mobipocket-ebook': 'https://www.gutenberg.org/ebooks/2488.kf8.images', 'application/rdf+xml': 'https://www.gutenberg.org/ebooks/2488.rdf', 'image/jpeg': 'https://www.gutenberg.org/cache/epub/2488/pg2488.cover.medium.jpg', 'text/plain; charset=us-ascii': 'https://www.gutenberg.org/ebooks/2488.txt.utf-8', 'application/octet-stream': 'https://www.gutenberg.org/cache/epub/2488/pg2488-h.zip'}",1336,2488.txt
1695,The Man Who Was Thursday: A Nightmare,"[{'name': 'Chesterton, G. K. (Gilbert Keith)', 'birth_year': 1874, 'death_year': 1936}]",[],"['Allegories', 'Anarchists -- Fiction', 'Detective and mystery stories', 'Fantasy fiction', 'London (England) -- Fiction', 'Police -- Fiction']",['Best Books Ever Listings'],['en'],False,Text,"{'text/html': 'https://www.gutenberg.org/ebooks/1695.html.images', 'application/epub+zip': 'https://www.gutenberg.org/ebooks/1695.epub3.images', 'application/x-mobipocket-ebook': 'https://www.gutenberg.org/ebooks/1695.kf8.images', 'application/rdf+xml': 'https://www.gutenberg.org/ebooks/1695.rdf', 'image/jpeg': 'https://www.gutenberg.org/cache/epub/1695/pg1695.cover.medium.jpg', 'application/octet-stream': 'https://www.gutenberg.org/files/1695/1695-0.zip', 'text/plain; charset=us-ascii': 'https://www.gutenberg.org/ebooks/1695.txt.utf-8'}",1604,1695.txt
11,Alice's Adventures in Wonderland,"[{'name': 'Carroll, Lewis', 'birth_year': 1832, 'death_year': 1898}]",[],"['Alice (Fictitious character from Carroll) -- Juvenile fiction', ""Children's stories"", 'Fantasy fiction', 'Imaginary places -- Juvenile fiction']","[""Children's Literature""]",['en'],False,Text,"{'text/html': 'https://www.gutenberg.org/ebooks/11.html.images', 'application/epub+zip': 'https://www.gutenberg.org/ebooks/11.epub3.images', 'application/x-mobipocket-ebook': 'https://www.gutenberg.org/ebooks/11.kf8.images', 'application/rdf+xml': 'https://www.gutenberg.org/ebooks/11.rdf', 'image/jpeg': 'https://www.gutenberg.org/cache/epub/11/pg11.cover.medium.jpg', 'text/plain; charset=us-ascii': 'https://www.gutenberg.org/ebooks/11.txt.utf-8', 'application/octet-stream': 'https://www.gutenberg.org/cache/epub/11/pg11-h.zip'}",37443,11.txt
159,The island of Doctor Moreau,"[{'name': 'Wells, H. G. (Herbert George)', 'birth_year': 1866, 'death_year': 1946}]",[],"['Animal experimentation -- Fiction', 'Islands -- Fiction', 'Science -- Ethics -- Fiction', 'Science fiction', 'Shipwreck survival -- Fiction']","['Best Books Ever Listings', 'Movie Books', 'Science Fiction']",['en'],False,Text,"{'text/html': 'https://www.gutenberg.org/ebooks/159.html.images', 'application/epub+zip': 'https://www.gutenberg.org/ebooks/159.epub3.images', 'application/x-mobipocket-ebook': 'https://www.gutenberg.org/ebooks/159.kf8.images', 'application/rdf+xml': 'https://www.gutenberg.org/ebooks/159.rdf', 'image/jpeg': 'https://www.gutenberg.org/cache/epub/159/pg159.cover.medium.jpg', 'text/plain; charset=us-ascii': 'https://www.gutenberg.org/ebooks/159.txt.utf-8', 'application/octet-stream': 'https://www.gutenberg.org/cache/epub/159/pg159-h.zip'}",2185,159.txt
73793,The lost race,"[{'name': 'Howard, Robert E. (Robert Ervin)', 'birth_year': 1906, 'death_year': 1936}]",[],"['Cornwall (England : County) -- Fiction', 'Fantasy fiction', 'Short stories']",[],['en'],False,Text,"{'text/html': 'https://www.gutenberg.org/ebooks/73793.html.images', 'application/epub+zip': 'https://www.gutenberg.org/ebooks/73793.epub3.images', 'application/x-mobipocket-ebook': 'https://www.gutenberg.org/ebooks/73793.kf8.images', 'text/plain; charset=us-ascii': 'https://www.gutenberg.org/ebooks/73793.txt.utf-8', 'application/rdf+xml': 'https://www.gutenberg.org/ebooks/73793.rdf', 'image/jpeg': 'https://www.gutenberg.org/cache/epub/73793/pg73793.cover.medium.jpg', 'application/octet-stream': 'https://www.gutenberg.org/cache/epub/73793/pg73793-h.zip'}",2390,73793.txt
73886,Scanners live in vain,"[{'name': 'Linebarger, Paul Myron Anthony', 'birth_year': 1913, 'death_year': 1966}]",[],"['Conspiracies -- Fiction', 'Inventors -- Fiction', 'Science fiction', 'Space travelers -- Fiction']",[],['en'],False,Text,"{'text/html': 'https://www.gutenberg.org/ebooks/73886.html.images', 'application/epub+zip': 'https://www.gutenberg.org/ebooks/73886.epub3.images', 'application/x-mobipocket-ebook': 'https://www.gutenberg.org/ebooks/73886.kf8.images', 'text/plain; charset=us-ascii': 'https://www.gutenberg.org/ebooks/73886.txt.utf-8', 'application/rdf+xml': 'https://www.gutenberg.org/ebooks/73886.rdf', 'image/jpeg': 'https://www.gutenberg.org/cache/epub/73886/pg73886.cover.medium.jpg', 'application/octet-stream': 'https://www.gutenberg.org/cache/epub/73886/pg73886-h.zip'}",1715,73886.txt
73938,The man who was pale,"[{'name': 'Sharkey, Jack', 'birth_year': 1931, 'death_year': 1992}]",[],"['Fantasy fiction', 'Horror tales', 'Landlord and tenant -- Fiction', 'Short stories']",[],['en'],False,Text,"{'text/html': 'https://www.gutenberg.org/ebooks/73938.html.images', 'application/epub+zip': 'https://www.gutenberg.org/ebooks/73938.epub3.images', 'application/x-mobipocket-ebook': 'https://www.gutenberg.org/ebooks/73938.kf8.images', 'text/plain; charset=us-ascii': 'https://www.gutenberg.org/ebooks/73938.txt.utf-8', 'application/rdf+xml': 'https://www.gutenberg.org/ebooks/73938.rdf', 'image/jpeg': 'https://www.gutenberg.org/cache/epub/73938/pg73938.cover.medium.jpg', 'application/octet-stream': 'https://www.gutenberg.org/cache/epub/73938/pg73938-h.zip'}",1252,73938.txt
10150,Dracula's Guest,"[{'name': 'Stoker, Bram', 'birth_year': 1847, 'death_year': 1912}]",[],"['Gothic fiction', 'Horror tales', 'Short stories']",['Horror'],['en'],False,Text,"{'text/html': 'https://www.gutenberg.org/ebooks/10150.html.images', 'text/html; charset=utf-8': 'https://www.gutenberg.org/files/10150/10150-h/10150-h.htm', 'application/epub+zip': 'https://www.gutenberg.org/ebooks/10150.epub3.images', 'application/x-mobipocket-ebook': 'https://www.gutenberg.org/ebooks/10150.kf8.images', 'text/plain; charset=utf-8': 'https://www.gutenberg.org/files/10150/10150-0.txt', 'application/rdf+xml': 'https://www.gutenberg.org/ebooks/10150.rdf', 'image/jpeg': 'https://www.gutenberg.org/cache/epub/10150/pg10150.cover.medium.jpg', 'application/octet-stream': 'https://www.gutenberg.org/cache/epub/10150/pg10150-h.zip', 'text/plain; charset=us-ascii': 'https://www.gutenberg.org/ebooks/10150.txt.utf-8'}",917,10150.txt
1250,Anthem,"[{'name': 'Rand, Ayn', 'birth_year': 1905, 'death_year': 1982}]",[],"['Individuality -- Fiction', 'Love stories', 'Men -- Psychology -- Fiction', 'Psychological fiction', 'Science fiction', 'Time travel -- Fiction']","['Science Fiction', 'Science Fiction by Women']",['en'],False,Text,"{'text/html': 'https://www.gutenberg.org/ebooks/1250.html.images', 'text/html; charset=us-ascii': 'https://www.gutenberg.org/files/1250/1250-h/1250-h.htm', 'application/epub+zip': 'https://www.gutenberg.org/ebooks/1250.epub3.images', 'application/x-mobipocket-ebook': 'https://www.gutenberg.org/ebooks/1250.kf8.images', 'text/plain; charset=utf-8': 'https://www.gutenberg.org/files/1250/1250-0.txt', 'application/rdf+xml': 'https://www.gutenberg.org/ebooks/1250.rdf', 'image/jpeg': 'https://www.gutenberg.org/cache/epub/1250/pg1250.cover.medium.jpg', 'application/octet-stream': 'https://www.gutenberg.org/cache/epub/1250/pg1250-h.zip', 'text/plain; charset=us-ascii': 'https://www.gutenberg.org/ebooks/1250.txt.utf-8'}",2630,1250.txt
73750,The prince of space,"[{'name': 'Williamson, Jack', 'birth_year': 1908, 'death_year': 2006}]",[],"['Adventure stories', 'Astronomical observatories -- Fiction', 'Human-alien encounters -- Fiction', 'Man-woman relationships -- Fiction', 'Mars (Planet) -- Fiction', 'Martians -- Fiction', 'Science fiction', 'Space pirates -- Fiction', 'Weapons -- Fiction']",[],['en'],False,Text,"{'text/html': 'https://www.gutenberg.org/ebooks/73750.html.images', 'application/epub+zip': 'https://www.gutenberg.org/ebooks/73750.epub3.images', 'application/x-mobipocket-ebook': 'https://www.gutenberg.org/ebooks/73750.kf8.images', 'text/plain; charset=us-ascii': 'https://www.gutenberg.org/ebooks/73750.txt.utf-8', 'application/rdf+xml': 'https://www.gutenberg.org/ebooks/73750.rdf', 'image/jpeg': 'https://www.gutenberg.org/cache/epub/73750/pg73750.cover.medium.jpg', 'application/octet-stream': 'https://www.gutenberg.org/cache/epub/73750/pg73750-h.zip'}",2194,73750.txt
73791,Thirsty blades,"[{'name': 'Kline, Otis Adelbert', 'birth_year': 1891, 'death_year': 1946}, {'name': 'Price, E. Hoffmann', 'birth_year': 1898, 'death_year': 1988}]",[],"['Adventure stories', 'Fantasy fiction', 'Swordsmen -- Fiction']",[],['en'],False,Text,"{'text/html': 'https://www.gutenberg.org/ebooks/73791.html.images', 'application/epub+zip': 'https://www.gutenberg.org/ebooks/73791.epub3.images', 'application/x-mobipocket-ebook': 'https://www.gutenberg.org/ebooks/73791.kf8.images', 'text/plain; charset=us-ascii': 'https://www.gutenberg.org/ebooks/73791.txt.utf-8', 'application/rdf+xml': 'https://www.gutenberg.org/ebooks/73791.rdf', 'image/jpeg': 'https://www.gutenberg.org/cache/epub/73791/pg73791.cover.medium.jpg', 'application/octet-stream': 'https://www.gutenberg.org/cache/epub/73791/pg73791-h.zip'}",1915,73791.txt
389,The Great God Pan,"[{'name': 'Machen, Arthur', 'birth_year': 1863, 'death_year': 1947}]",[],"['Horror tales', 'Paranormal fiction']",['Horror'],['en'],False,Text,"{'text/html': 'https://www.gutenberg.org/ebooks/389.html.images', 'application/epub+zip': 'https://www.gutenberg.org/ebooks/389.epub3.images', 'application/x-mobipocket-ebook': 'https://www.gutenberg.org/ebooks/389.kf8.images', 'application/rdf+xml': 'https://www.gutenberg.org/ebooks/389.rdf', 'image/jpeg': 'https://www.gutenberg.org/cache/epub/389/pg389.cover.medium.jpg', 'application/octet-stream': 'https://www.gutenberg.org/files/389/389-0.zip', 'text/plain; charset=us-ascii': 'https://www.gutenberg.org/ebooks/389.txt.utf-8'}",1184,389.txt
59112,R.U.R. (Rossum's Universal Robots): A Fantastic Melodrama in Three Acts and an Epilogue,"[{'name': 'Čapek, Karel', 'birth_year': 1890, 'death_year': 1938}]","[{'name': 'Playfair, Nigel', 'birth_year': 1874, 'death_year': 1934}, {'name': 'Selver, Paul', 'birth_year': 1888, 'death_year': 1970}]","['Czech drama -- Translations into English', 'Robots -- Drama', 'Science fiction plays']",[],['en'],False,Text,"{'text/plain; charset=us-ascii': 'https://www.gutenberg.org/ebooks/59112.txt.utf-8', 'text/html': 'https://www.gutenberg.org/ebooks/59112.html.images', 'text/html; charset=us-ascii': 'https://www.gutenberg.org/files/59112/59112-h/59112-h.htm', 'application/epub+zip': 'https://www.gutenberg.org/ebooks/59112.epub3.images', 'application/x-mobipocket-ebook': 'https://www.gutenberg.org/ebooks/59112.kf8.images', 'text/plain; charset=utf-8': 'https://www.gutenberg.org/files/59112/59112-0.txt', 'application/rdf+xml': 'https://www.gutenberg.org/ebooks/59112.rdf', 'image/jpeg': 'https://www.gutenberg.org/cache/epub/59112/pg59112.cover.medium.jpg', 'application/octet-stream': 'https://www.gutenberg.org/cache/epub/59112/pg59112-h.zip'}",1790,59112.txt
121,Northanger Abbey,"[{'name': 'Austen, Jane', 'birth_year': 1775, 'death_year': 1817}]",[],"['Books and reading -- Fiction', 'England -- Fiction', 'England -- Social life and customs -- 19th century -- Fiction', 'Gentry -- England -- Fiction', 'Gothic fiction', 'Horror tales -- Appreciation -- Fiction', 'Love stories', 'Marriage -- Economic aspects -- Fiction', 'Satire', 'Young women -- Fiction']",['Gothic Fiction'],['en'],False,Text,"{'text/html': 'https://www.gutenberg.org/ebooks/121.html.images', 'application/epub+zip': 'https://www.gutenberg.org/ebooks/121.epub3.images', 'application/x-mobipocket-ebook': 'https://www.gutenberg.org/ebooks/121.kf8.images', 'application/rdf+xml': 'https://www.gutenberg.org/ebooks/121.rdf', 'image/jpeg': 'https://www.gutenberg.org/cache/epub/121/pg121.cover.medium.jpg', 'application/octet-stream': 'https://www.gutenberg.org/files/121/121-0.zip', 'text/plain; charset=us-ascii': 'https://www.gutenberg.org/ebooks/121.txt.utf-8'}",2994,121.txt
175,The Phantom of the Opera,"[{'name': 'Leroux, Gaston', 'birth_year': 1868, 'death_year': 1927}]",[],"['Composers -- Fiction', 'French fiction -- Translations into English', 'Horror tales', 'Musical fiction', 'Opera -- Fiction', 'Paris (France) -- Fiction', 'Phantom of the Opera (Fictitious character) -- Fiction']","['Gothic Fiction', 'Movie Books', 'Opera']",['en'],False,Text,"{'text/html': 'https://www.gutenberg.org/ebooks/175.html.images', 'text/html; charset=iso-8859-1': 'https://www.gutenberg.org/files/175/175-h/175-h.htm', 'application/epub+zip': 'https://www.gutenberg.org/ebooks/175.epub3.images', 'application/x-mobipocket-ebook': 'https://www.gutenberg.org/ebooks/175.kf8.images', 'application/rdf+xml': 'https://www.gutenberg.org/ebooks/175.rdf', 'image/jpeg': 'https://www.gutenberg.org/cache/epub/175/pg175.cover.medium.jpg', 'application/octet-stream': 'https://www.gutenberg.org/cache/epub/175/pg175-h.zip', 'text/plain; charset=us-ascii': 'https://www.gutenberg.org/ebooks/175.txt.utf-8'}",2746,175.txt
289,The Wind in the Willows,"[{'name': 'Grahame, Kenneth', 'birth_year': 1859, 'death_year': 1932}]",[],"['Animals -- Fiction', 'Country life -- Fiction', 'England -- Fiction', 'Fantasy fiction', 'Friendship -- Fiction', 'Humorous stories', 'Pastoral fiction', 'River life -- Fiction']","['Best Books Ever Listings', ""Children's Literature""]",['en'],False,Text,"{'text/html': 'https://www.gutenberg.org/ebooks/289.html.images', 'text/html; charset=utf-8': 'https://www.gutenberg.org/files/289/289-h/289-h.htm', 'application/epub+zip': 'https://www.gutenberg.org/ebooks/289.epub3.images', 'application/x-mobipocket-ebook': 'https://www.gutenberg.org/ebooks/289.kf8.images', 'text/plain; charset=utf-8': 'https://www.gutenberg.org/files/289/289-0.txt', 'application/rdf+xml': 'https://www.gutenberg.org/ebooks/289.rdf', 'image/jpeg': 'https://www.gutenberg.org/cache/epub/289/pg289.cover.medium.jpg', 'application/octet-stream': 'https://www.gutenberg.org/cache/epub/289/pg289-h.zip', 'text/plain; charset=us-ascii': 'https://www.gutenberg.org/ebooks/289.txt.utf-8'}",2178,289.txt
345,Dracula,"[{'name': 'Stoker, Bram', 'birth_year': 1847, 'death_year': 1912}]",[],"['Dracula, Count (Fictitious character) -- Fiction', 'Epistolary fiction', 'Gothic fiction', 'Horror tales', 'Transylvania (Romania) -- Fiction', 'Vampires -- Fiction', 'Whitby (England) -- Fiction']","['Gothic Fiction', 'Horror', 'Movie Books', 'Mystery Fiction']",['en'],False,Text,"{'text/html': 'https://www.gutenberg.org/ebooks/345.html.images', 'application/epub+zip': 'https://www.gutenberg.org/ebooks/345.epub3.images', 'application/x-mobipocket-ebook': 'https://www.gutenberg.org/ebooks/345.kf8.images', 'text/plain; charset=us-ascii': 'https://www.gutenberg.org/ebooks/345.txt.utf-8', 'application/rdf+xml': 'https://www.gutenberg.org/ebooks/345.rdf', 'image/jpeg': 'https://www.gutenberg.org/cache/epub/345/pg345.cover.medium.jpg', 'application/octet-stream': 'https://www.gutenberg.org/cache/epub/345/pg345-h.zip'}",19657,345.txt
2147,The Works of Edgar Allan Poe — Volume 1,"[{'name': 'Poe, Edgar Allan', 'birth_year': 1809, 'death_year': 1849}]",[],"['American fiction -- 19th century', 'Fantasy fiction', 'Horror tales, American', 'Poe, Edgar Allan, 1809-1849']","['Detective Fiction', 'Horror', 'Mystery Fiction']",['en'],False,Text,"{'text/html': 'https://www.gutenberg.org/ebooks/2147.html.images', 'application/epub+zip': 'https://www.gutenberg.org/ebooks/2147.epub3.images', 'application/x-mobipocket-ebook': 'https://www.gutenberg.org/ebooks/2147.kf8.images', 'application/rdf+xml': 'https://www.gutenberg.org/ebooks/2147.rdf', 'image/jpeg': 'https://www.gutenberg.org/cache/epub/2147/pg2147.cover.medium.jpg', 'text/plain; charset=us-ascii': 'https://www.gutenberg.org/ebooks/2147.txt.utf-8', 'application/octet-stream': 'https://www.gutenberg.org/cache/epub/2147/pg2147-h.zip'}",2631,2147.txt
3268,The Mysteries of Udolpho,"[{'name': 'Radcliffe, Ann Ward', 'birth_year': 1764, 'death_year': 1823}]",[],"['Castles -- Fiction', 'Gothic fiction', 'Guardian and ward -- Fiction', 'Horror tales', 'Inheritance and succession -- Fiction', 'Italy -- Fiction', 'Orphans -- Fiction', 'Young women -- Fiction']","['Gothic Fiction', 'Italy']",['en'],False,Text,"{'text/html': 'https://www.gutenberg.org/ebooks/3268.html.images', 'application/epub+zip': 'https://www.gutenberg.org/ebooks/3268.epub3.images', 'application/x-mobipocket-ebook': 'https://www.gutenberg.org/ebooks/3268.kf8.images', 'application/rdf+xml': 'https://www.gutenberg.org/ebooks/3268.rdf', 'image/jpeg': 'https://www.gutenberg.org/cache/epub/3268/pg3268.cover.medium.jpg', 'application/octet-stream': 'https://www.gutenberg.org/files/3268/3268-0.zip', 'text/plain; charset=us-ascii': 'https://www.gutenberg.org/ebooks/3268.txt.utf-8'}",1141,3268.txt
16,Peter Pan,"[{'name': 'Barrie, J. M. (James Matthew)', 'birth_year': 1860, 'death_year': 1937}]",[],"['Fairies -- Fiction', 'Fantasy literature', 'Never-Never Land (Imaginary place) -- Fiction', 'Peter Pan (Fictitious character) -- Fiction', 'Pirates -- Fiction']","[""Children's Literature"", 'Movie Books']",['en'],False,Text,"{'text/html': 'https://www.gutenberg.org/ebooks/16.html.images', 'text/html; charset=utf-8': 'https://www.gutenberg.org/files/16/16-h/16-h.htm', 'application/epub+zip': 'https://www.gutenberg.org/ebooks/16.epub3.images', 'application/x-mobipocket-ebook': 'https://www.gutenberg.org/ebooks/16.kf8.images', 'text/plain; charset=utf-8': 'https://www.gutenberg.org/files/16/16-0.txt', 'application/rdf+xml': 'https://www.gutenberg.org/ebooks/16.rdf', 'image/jpeg': 'https://www.gutenberg.org/cache/epub/16/pg16.cover.medium.jpg', 'application/octet-stream': 'https://www.gutenberg.org/cache/epub/16/pg16-h.zip', 'text/plain; charset=us-ascii': 'https://www.gutenberg.org/ebooks/16.txt.utf-8'}",8969,16.txt
537,Tales of Terror and Mystery,"[{'name': 'Doyle, Arthur Conan', 'birth_year': 1859, 'death_year': 1930}]",[],"['Detective and mystery stories, English', 'Horror tales, English']",[],['en'],False,Text,"{'text/html': 'https://www.gutenberg.org/ebooks/537.html.images', 'text/html; charset=iso-8859-1': 'https://www.gutenberg.org/files/537/537-h/537-h.htm', 'application/epub+zip': 'https://www.gutenberg.org/ebooks/537.epub3.images', 'application/x-mobipocket-ebook': 'https://www.gutenberg.org/ebooks/537.kf8.images', 'application/rdf+xml': 'https://www.gutenberg.org/ebooks/537.rdf', 'image/jpeg': 'https://www.gutenberg.org/cache/epub/537/pg537.cover.medium.jpg', 'application/octet-stream': 'https://www.gutenberg.org/cache/epub/537/pg537-h.zip', 'text/plain; charset=us-ascii': 'https://www.gutenberg.org/ebooks/537.txt.utf-8'}",1092,537.txt
25525,"The Works of Edgar Allan Poe, The Raven Edition: Table Of Contents And Index Of The Five Volumes","[{'name': 'Poe, Edgar Allan', 'birth_year': 1809, 'death_year': 1849}]",[],"['American fiction -- 19th century', 'Fantasy fiction', 'Horror tales, American', 'Indexes', 'Poe, Edgar Allan, 1809-1849', 'Short stories']",[],['en'],False,Text,"{'text/html': 'https://www.gutenberg.org/ebooks/25525.html.images', 'application/epub+zip': 'https://www.gutenberg.org/ebooks/25525.epub3.images', 'application/x-mobipocket-ebook': 'https://www.gutenberg.org/ebooks/25525.kf8.images', 'text/plain; charset=us-ascii': 'https://www.gutenberg.org/ebooks/25525.txt.utf-8', 'application/rdf+xml': 'https://www.gutenberg.org/ebooks/25525.rdf', 'image/jpeg': 'https://www.gutenberg.org/cache/epub/25525/pg25525.cover.medium.jpg', 'application/octet-stream': 'https://www.gutenberg.org/cache/epub/25525/pg25525-h.zip'}",1059,25525.txt
1268,The Mysterious Island,"[{'name': 'Verne, Jules', 'birth_year': 1828, 'death_year': 1905}]",[],"['Adventure stories', 'Castaways -- Fiction', 'Islands of the Pacific -- Fiction', 'Science fiction']",['Science Fiction'],['en'],False,Text,"{'text/html': 'https://www.gutenberg.org/ebooks/1268.html.images', 'application/epub+zip': 'https://www.gutenberg.org/ebooks/1268.epub3.images', 'application/x-mobipocket-ebook': 'https://www.gutenberg.org/ebooks/1268.kf8.images', 'application/rdf+xml': 'https://www.gutenberg.org/ebooks/1268.rdf', 'image/jpeg': 'https://www.gutenberg.org/cache/epub/1268/pg1268.cover.medium.jpg', 'application/octet-stream': 'https://www.gutenberg.org/files/1268/1268-0.zip', 'text/plain; charset=us-ascii': 'https://www.gutenberg.org/ebooks/1268.txt.utf-8'}",1536,1268.txt
41445,"Frankenstein; Or, The Modern Prometheus","[{'name': 'Shelley, Mary Wollstonecraft', 'birth_year': 1797, 'death_year': 1851}]",[],"[""Frankenstein's monster (Fictitious character) -- Fiction"", 'Frankenstein, Victor (Fictitious character) -- Fiction', 'Gothic fiction', 'Horror tales', 'Monsters -- Fiction', 'Science fiction', 'Scientists -- Fiction']","['Precursors of Science Fiction', 'Science Fiction by Women']",['en'],False,Text,"{'text/html': 'https://www.gutenberg.org/ebooks/41445.html.images', 'application/epub+zip': 'https://www.gutenberg.org/ebooks/41445.epub3.images', 'application/x-mobipocket-ebook': 'https://www.gutenberg.org/ebooks/41445.kf8.images', 'application/rdf+xml': 'https://www.gutenberg.org/ebooks/41445.rdf', 'image/jpeg': 'https://www.gutenberg.org/cache/epub/41445/pg41445.cover.medium.jpg', 'application/octet-stream': 'https://www.gutenberg.org/files/41445/41445-0.zip', 'text/plain; charset=us-ascii': 'https://www.gutenberg.org/ebooks/41445.txt.utf-8'}",3301,41445.txt
18857,A Journey to the Centre of the Earth,"[{'name': 'Verne, Jules', 'birth_year': 1828, 'death_year': 1905}]",[],"['Adventure stories', 'Earth (Planet) -- Core -- Fiction', 'Science fiction', 'Voyages, Imaginary -- Fiction']","['Movie Books', 'Science Fiction']",['en'],False,Text,"{'text/html': 'https://www.gutenberg.org/ebooks/18857.html.images', 'text/html; charset=iso-8859-1': 'https://www.gutenberg.org/files/18857/18857-h/18857-h.htm', 'application/epub+zip': 'https://www.gutenberg.org/ebooks/18857.epub3.images', 'application/x-mobipocket-ebook': 'https://www.gutenberg.org/ebooks/18857.kf8.images', 'text/plain; charset=us-ascii': 'https://www.gutenberg.org/ebooks/18857.txt.utf-8', 'text/plain; charset=iso-8859-1': 'https://www.gutenberg.org/files/18857/18857-8.txt', 'application/rdf+xml': 'https://www.gutenberg.org/ebooks/18857.rdf', 'image/jpeg': 'https://www.gutenberg.org/cache/epub/18857/pg18857.cover.medium.jpg', 'application/octet-stream': 'https://www.gutenberg.org/cache/epub/18857/pg18857-h.zip'}",2304,18857.txt
42,The Strange Case of Dr. Jekyll and Mr. Hyde,"[{'name': 'Stevenson, Robert Louis', 'birth_year': 1850, 'death_year': 1894}]",[],"['Horror tales', 'London (England) -- Fiction', 'Multiple personality -- Fiction', 'Physicians -- Fiction', 'Psychological fiction', 'Science fiction', 'Self-experimentation in medicine -- Fiction']","['Gothic Fiction', 'Horror', 'Movie Books', 'Precursors of Science Fiction']",['en'],False,Text,"{'text/html': 'https://www.gutenberg.org/ebooks/42.html.images', 'application/epub+zip': 'https://www.gutenberg.org/ebooks/42.epub3.images', 'application/x-mobipocket-ebook': 'https://www.gutenberg.org/ebooks/42.kf8.images', 'application/rdf+xml': 'https://www.gutenberg.org/ebooks/42.rdf', 'image/jpeg': 'https://www.gutenberg.org/cache/epub/42/pg42.cover.medium.jpg', 'application/octet-stream': 'https://www.gutenberg.org/files/42/42-0.zip', 'text/plain; charset=us-ascii': 'https://www.gutenberg.org/ebooks/42.txt.utf-8'}",2118,42.txt
10007,Carmilla,"[{'name': 'Le Fanu, Joseph Sheridan', 'birth_year': 1814, 'death_year': 1873}]",[],"['Vampires -- Fiction', 'Young women -- Fiction']","['Gothic Fiction', 'Horror']",['en'],False,Text,"{'text/html': 'https://www.gutenberg.org/ebooks/10007.html.images', 'text/html; charset=iso-8859-1': 'https://www.gutenberg.org/files/10007/10007-h/10007-h.htm', 'application/epub+zip': 'https://www.gutenberg.org/ebooks/10007.epub3.images', 'application/x-mobipocket-ebook': 'https://www.gutenberg.org/ebooks/10007.kf8.images', 'text/plain; charset=utf-8': 'https://www.gutenberg.org/files/10007/10007-0.txt', 'application/rdf+xml': 'https://www.gutenberg.org/ebooks/10007.rdf', 'image/jpeg': 'https://www.gutenberg.org/cache/epub/10007/pg10007.cover.medium.jpg', 'application/octet-stream': 'https://www.gutenberg.org/cache/epub/10007/pg10007-h.zip', 'text/plain; charset=us-ascii': 'https://www.gutenberg.org/ebooks/10007.txt.utf-8'}",5979,10007.txt
375,An Occurrence at Owl Creek Bridge,"[{'name': 'Bierce, Ambrose', 'birth_year': 1842, 'death_year': 1913}]",[],"['Prisoners -- Fiction', 'Short stories', 'United States -- History -- Civil War, 1861-1865 -- Fiction']","['Horror', 'US Civil War']",['en'],False,Text,"{'text/html': 'https://www.gutenberg.org/ebooks/375.html.images', 'application/epub+zip': 'https://www.gutenberg.org/ebooks/375.epub3.images', 'application/x-mobipocket-ebook': 'https://www.gutenberg.org/ebooks/375.kf8.images', 'application/rdf+xml': 'https://www.gutenberg.org/ebooks/375.rdf', 'image/jpeg': 'https://www.gutenberg.org/cache/epub/375/pg375.cover.medium.jpg', 'application/octet-stream': 'https://www.gutenberg.org/files/375/375-0.zip', 'text/plain; charset=us-ascii': 'https://www.gutenberg.org/ebooks/375.txt.utf-8'}",2008,375.txt
43,The Strange Case of Dr. Jekyll and Mr. Hyde,"[{'name': 'Stevenson, Robert Louis', 'birth_year': 1850, 'death_year': 1894}]",[],"['Horror tales', 'London (England) -- Fiction', 'Multiple personality -- Fiction', 'Physicians -- Fiction', 'Psychological fiction', 'Science fiction', 'Self-experimentation in medicine -- Fiction']","['Horror', 'Movie Books', 'Precursors of Science Fiction']",['en'],False,Text,"{'text/html': 'https://www.gutenberg.org/ebooks/43.html.images', 'application/epub+zip': 'https://www.gutenberg.org/ebooks/43.epub3.images', 'application/x-mobipocket-ebook': 'https://www.gutenberg.org/ebooks/43.kf8.images', 'application/rdf+xml': 'https://www.gutenberg.org/ebooks/43.rdf', 'image/jpeg': 'https://www.gutenberg.org/cache/epub/43/pg43.cover.medium.jpg', 'application/octet-stream': 'https://www.gutenberg.org/files/43/43-0.zip', 'text/plain; charset=us-ascii': 'https://www.gutenberg.org/ebooks/43.txt.utf-8'}",11937,43.txt
11438,The Willows,"[{'name': 'Blackwood, Algernon', 'birth_year': 1869, 'death_year': 1951}]",[],['Horror tales'],['Horror'],['en'],False,Text,"{'text/html': 'https://www.gutenberg.org/ebooks/11438.html.images', 'application/epub+zip': 'https://www.gutenberg.org/ebooks/11438.epub3.images', 'application/x-mobipocket-ebook': 'https://www.gutenberg.org/ebooks/11438.kf8.images', 'application/rdf+xml': 'https://www.gutenberg.org/ebooks/11438.rdf', 'image/jpeg': 'https://www.gutenberg.org/cache/epub/11438/pg11438.cover.medium.jpg', 'text/plain; charset=us-ascii': 'https://www.gutenberg.org/ebooks/11438.txt.utf-8', 'application/octet-stream': 'https://www.gutenberg.org/cache/epub/11438/pg11438-h.zip'}",1078,11438.txt
209,The Turn of the Screw,"[{'name': 'James, Henry', 'birth_year': 1843, 'death_year': 1916}]",[],"['Children -- Fiction', 'England -- Fiction', 'Ghost stories', 'Governesses -- Fiction', 'Psychological fiction']","['Best Books Ever Listings', 'Gothic Fiction', 'Horror', 'Opera']",['en'],False,Text,"{'text/html': 'https://www.gutenberg.org/ebooks/209.html.images', 'application/epub+zip': 'https://www.gutenberg.org/ebooks/209.epub3.images', 'application/x-mobipocket-ebook': 'https://www.gutenberg.org/ebooks/209.kf8.images', 'application/rdf+xml': 'https://www.gutenberg.org/ebooks/209.rdf', 'image/jpeg': 'https://www.gutenberg.org/cache/epub/209/pg209.cover.medium.jpg', 'application/octet-stream': 'https://www.gutenberg.org/files/209/209-0.zip', 'text/plain; charset=us-ascii': 'https://www.gutenberg.org/ebooks/209.txt.utf-8'}",3355,209.txt
21279,2 B R 0 2 B,"[{'name': 'Vonnegut, Kurt', 'birth_year': 1922, 'death_year': 2007}]",[],"['Science fiction', 'Short stories']",['Science Fiction'],['en'],False,Text,"{'text/html': 'https://www.gutenberg.org/ebooks/21279.html.images', 'text/html; charset=iso-8859-1': 'https://www.gutenberg.org/files/21279/21279-h/21279-h.htm', 'application/epub+zip': 'https://www.gutenberg.org/ebooks/21279.epub3.images', 'application/x-mobipocket-ebook': 'https://www.gutenberg.org/ebooks/21279.kf8.images', 'text/plain; charset=us-ascii': 'https://www.gutenberg.org/ebooks/21279.txt.utf-8', 'application/rdf+xml': 'https://www.gutenberg.org/ebooks/21279.rdf', 'image/jpeg': 'https://www.gutenberg.org/cache/epub/21279/pg21279.cover.medium.jpg', 'application/octet-stream': 'https://www.gutenberg.org/cache/epub/21279/pg21279-h.zip'}",2607,21279.txt
57426,Baron Trump's Marvellous Underground Journey,"[{'name': 'Lockwood, Ingersoll', 'birth_year': 1841, 'death_year': 1918}]",[],"['Adventure stories', 'Conduct of life -- Juvenile fiction', 'Courtship -- Juvenile fiction', 'Dogs -- Juvenile fiction', 'Fantasy fiction', 'Kings and rulers -- Juvenile fiction', 'Queens -- Juvenile fiction', 'Voyages and travels -- Juvenile fiction', 'Voyages, Imaginary -- Juvenile fiction', 'Wit and humor, Juvenile', 'Youth -- Conduct of life -- Juvenile fiction', 'Youth and death -- Juvenile fiction']",[],['en'],False,Text,"{'text/plain; charset=us-ascii': 'https://www.gutenberg.org/ebooks/57426.txt.utf-8', 'text/html': 'https://www.gutenberg.org/ebooks/57426.html.images', 'text/html; charset=utf-8': 'https://www.gutenberg.org/files/57426/57426-h/57426-h.htm', 'application/epub+zip': 'https://www.gutenberg.org/ebooks/57426.epub3.images', 'application/x-mobipocket-ebook': 'https://www.gutenberg.org/ebooks/57426.kf8.images', 'text/plain; charset=utf-8': 'https://www.gutenberg.org/files/57426/57426-0.txt', 'application/rdf+xml': 'https://www.gutenberg.org/ebooks/57426.rdf', 'image/jpeg': 'https://www.gutenberg.org/cache/epub/57426/pg57426.cover.medium.jpg', 'application/octet-stream': 'https://www.gutenberg.org/cache/epub/57426/pg57426-h.zip'}",1532,57426.txt
73857,World atavism,"[{'name': 'Hamilton, Edmond', 'birth_year': 1904, 'death_year': 1977}]",[],"['Apocalyptic fiction', 'New York (N.Y.) -- Fiction', 'Science fiction', 'Scientists -- Fiction']",[],['en'],False,Text,"{'application/rdf+xml': 'https://www.gutenberg.org/ebooks/73857.rdf', 'text/html': 'https://www.gutenberg.org/ebooks/73857.html.images', 'application/epub+zip': 'https://www.gutenberg.org/ebooks/73857.epub3.images', 'application/x-mobipocket-ebook': 'https://www.gutenberg.org/ebooks/73857.kf8.images', 'text/plain; charset=us-ascii': 'https://www.gutenberg.org/ebooks/73857.txt.utf-8', 'image/jpeg': 'https://www.gutenberg.org/cache/epub/73857/pg73857.cover.medium.jpg', 'application/octet-stream': 'https://www.gutenberg.org/cache/epub/73857/pg73857-h.zip'}",1428,73857.txt
7849,The Trial,"[{'name': 'Kafka, Franz', 'birth_year': 1883, 'death_year': 1924}]","[{'name': 'Wyllie, David (Translator)', 'birth_year': None, 'death_year': None}]","['Allegories', 'Trials -- Fiction']","['Best Books Ever Listings', 'Horror']",['en'],True,Text,"{'text/html': 'https://www.gutenberg.org/ebooks/7849.html.images', 'application/epub+zip': 'https://www.gutenberg.org/ebooks/7849.epub3.images', 'application/x-mobipocket-ebook': 'https://www.gutenberg.org/ebooks/7849.kf8.images', 'application/rdf+xml': 'https://www.gutenberg.org/ebooks/7849.rdf', 'image/jpeg': 'https://www.gutenberg.org/cache/epub/7849/pg7849.cover.medium.jpg', 'application/octet-stream': 'https://www.gutenberg.org/files/7849/7849-0.zip', 'text/plain; charset=us-ascii': 'https://www.gutenberg.org/ebooks/7849.txt.utf-8'}",4336,7849.txt
139,The Lost World,"[{'name': 'Doyle, Arthur Conan', 'birth_year': 1859, 'death_year': 1930}]",[],"['Challenger, Professor (Fictitious character) -- Fiction', 'Dinosaurs -- Fiction', 'Fantasy fiction', 'Prehistoric peoples -- Fiction', 'South America -- Fiction']",['Science Fiction'],['en'],False,Text,"{'text/html': 'https://www.gutenberg.org/ebooks/139.html.images', 'text/html; charset=iso-8859-1': 'https://www.gutenberg.org/files/139/139-h/139-h.htm', 'application/epub+zip': 'https://www.gutenberg.org/ebooks/139.epub3.images', 'application/x-mobipocket-ebook': 'https://www.gutenberg.org/ebooks/139.kf8.images', 'application/rdf+xml': 'https://www.gutenberg.org/ebooks/139.rdf', 'image/jpeg': 'https://www.gutenberg.org/cache/epub/139/pg139.cover.medium.jpg', 'application/octet-stream': 'https://www.gutenberg.org/cache/epub/139/pg139-h.zip', 'text/plain; charset=us-ascii': 'https://www.gutenberg.org/ebooks/139.txt.utf-8'}",1432,139.txt
31516,The Eyes Have It,"[{'name': 'Dick, Philip K.', 'birth_year': 1928, 'death_year': 1982}]",[],"['Humorous stories', 'Science fiction', 'Short stories']",['Science Fiction'],['en'],False,Text,"{'text/html': 'https://www.gutenberg.org/ebooks/31516.html.images', 'text/html; charset=utf-8': 'https://www.gutenberg.org/files/31516/31516-h/31516-h.htm', 'application/epub+zip': 'https://www.gutenberg.org/ebooks/31516.epub3.images', 'application/x-mobipocket-ebook': 'https://www.gutenberg.org/ebooks/31516.kf8.images', 'text/plain; charset=us-ascii': 'https://www.gutenberg.org/ebooks/31516.txt.utf-8', 'application/rdf+xml': 'https://www.gutenberg.org/ebooks/31516.rdf', 'image/jpeg': 'https://www.gutenberg.org/cache/epub/31516/pg31516.cover.medium.jpg', 'application/octet-stream': 'https://www.gutenberg.org/cache/epub/31516/pg31516-h.zip'}",2969,31516.txt
201,Flatland: A Romance of Many Dimensions,"[{'name': 'Abbott, Edwin Abbott', 'birth_year': 1838, 'death_year': 1926}]",[],['Fourth dimension'],"['Mathematics', 'Science Fiction']",['en'],False,Text,"{'text/html': 'https://www.gutenberg.org/ebooks/201.html.images', 'application/epub+zip': 'https://www.gutenberg.org/ebooks/201.epub3.images', 'application/x-mobipocket-ebook': 'https://www.gutenberg.org/ebooks/201.kf8.images', 'application/rdf+xml': 'https://www.gutenberg.org/ebooks/201.rdf', 'image/jpeg': 'https://www.gutenberg.org/cache/epub/201/pg201.cover.medium.jpg', 'application/octet-stream': 'https://www.gutenberg.org/files/201/201-0.zip', 'text/plain; charset=us-ascii': 'https://www.gutenberg.org/ebooks/201.txt.utf-8'}",1721,201.txt
32032,Second Variety,"[{'name': 'Dick, Philip K.', 'birth_year': 1928, 'death_year': 1982}]",[],"['Robots -- Fiction', 'Science fiction', 'War stories']",['Science Fiction'],['en'],False,Text,"{'text/html': 'https://www.gutenberg.org/ebooks/32032.html.images', 'text/html; charset=utf-8': 'https://www.gutenberg.org/files/32032/32032-h/32032-h.htm', 'application/epub+zip': 'https://www.gutenberg.org/ebooks/32032.epub3.images', 'application/x-mobipocket-ebook': 'https://www.gutenberg.org/ebooks/32032.kf8.images', 'text/plain; charset=us-ascii': 'https://www.gutenberg.org/ebooks/32032.txt.utf-8', 'application/rdf+xml': 'https://www.gutenberg.org/ebooks/32032.rdf', 'image/jpeg': 'https://www.gutenberg.org/cache/epub/32032/pg32032.cover.medium.jpg', 'application/octet-stream': 'https://www.gutenberg.org/cache/epub/32032/pg32032-h.zip'}",1774,32032.txt
26654,Peter and Wendy,"[{'name': 'Barrie, J. M. (James Matthew)', 'birth_year': 1860, 'death_year': 1937}]",[],"['Fairies -- Fiction', 'Fantasy literature', 'Never-Never Land (Imaginary place) -- Fiction', 'Peter Pan (Fictitious character) -- Fiction', 'Pirates -- Fiction']",[],['en'],False,Text,"{'text/html': 'https://www.gutenberg.org/ebooks/26654.html.images', 'text/html; charset=iso-8859-1': 'https://www.gutenberg.org/files/26654/26654-h/26654-h.htm', 'application/epub+zip': 'https://www.gutenberg.org/ebooks/26654.epub3.images', 'application/x-mobipocket-ebook': 'https://www.gutenberg.org/ebooks/26654.kf8.images', 'text/plain; charset=us-ascii': 'https://www.gutenberg.org/ebooks/26654.txt.utf-8', 'text/plain; charset=iso-8859-1': 'https://www.gutenberg.org/files/26654/26654-8.txt', 'application/rdf+xml': 'https://www.gutenberg.org/ebooks/26654.rdf', 'image/jpeg': 'https://www.gutenberg.org/cache/epub/26654/pg26654.cover.medium.jpg', 'application/octet-stream': 'https://www.gutenberg.org/cache/epub/26654/pg26654-h.zip'}",1717,26654.txt
10897,The Wendigo,"[{'name': 'Blackwood, Algernon', 'birth_year': 1869, 'death_year': 1951}]",[],['Horror tales'],['Horror'],['en'],False,Text,"{'text/html': 'https://www.gutenberg.org/ebooks/10897.html.images', 'text/html; charset=iso-8859-1': 'https://www.gutenberg.org/files/10897/10897-h/10897-h.htm', 'application/epub+zip': 'https://www.gutenberg.org/ebooks/10897.epub3.images', 'application/x-mobipocket-ebook': 'https://www.gutenberg.org/ebooks/10897.kf8.images', 'text/plain; charset=iso-8859-1': 'https://www.gutenberg.org/files/10897/10897-8.txt', 'application/rdf+xml': 'https://www.gutenberg.org/ebooks/10897.rdf', 'image/jpeg': 'https://www.gutenberg.org/cache/epub/10897/pg10897.cover.medium.jpg', 'application/octet-stream': 'https://www.gutenberg.org/cache/epub/10897/pg10897-h.zip', 'text/plain; charset=us-ascii': 'https://www.gutenberg.org/ebooks/10897.txt.utf-8'}",1431,10897.txt
61963,We,"[{'name': 'Zamiatin, Evgenii Ivanovich', 'birth_year': 1884, 'death_year': 1937}]","[{'name': 'Zilboorg, Gregory', 'birth_year': 1890, 'death_year': 1959}]","['Dystopias -- Fiction', 'Russian fiction -- Translations into English', 'Science fiction', 'Totalitarianism -- Fiction']",[],['en'],False,Text,"{'text/plain; charset=us-ascii': 'https://www.gutenberg.org/ebooks/61963.txt.utf-8', 'text/html': 'https://www.gutenberg.org/ebooks/61963.html.images', 'text/html; charset=utf-8': 'https://www.gutenberg.org/files/61963/61963-h/61963-h.htm', 'application/epub+zip': 'https://www.gutenberg.org/ebooks/61963.epub3.images', 'application/x-mobipocket-ebook': 'https://www.gutenberg.org/ebooks/61963.kf8.images', 'text/plain; charset=iso-8859-1': 'https://www.gutenberg.org/files/61963/61963-8.txt', 'application/rdf+xml': 'https://www.gutenberg.org/ebooks/61963.rdf', 'image/jpeg': 'https://www.gutenberg.org/cache/epub/61963/pg61963.cover.medium.jpg', 'application/octet-stream': 'https://www.gutenberg.org/cache/epub/61963/pg61963-h.zip'}",1897,61963.txt
12122,"The Monkey's Paw: The Lady of the Barge and Others, Part 2.","[{'name': 'Jacobs, W. W. (William Wymark)', 'birth_year': 1863, 'death_year': 1943}]",[],"['Horror tales', 'Wishes -- Fiction']",['Gothic Fiction'],['en'],False,Text,"{'text/html': 'https://www.gutenberg.org/ebooks/12122.html.images', 'application/epub+zip': 'https://www.gutenberg.org/ebooks/12122.epub3.images', 'application/x-mobipocket-ebook': 'https://www.gutenberg.org/ebooks/12122.kf8.images', 'text/plain; charset=us-ascii': 'https://www.gutenberg.org/ebooks/12122.txt.utf-8', 'application/rdf+xml': 'https://www.gutenberg.org/ebooks/12122.rdf', 'image/jpeg': 'https://www.gutenberg.org/cache/epub/12122/pg12122.cover.medium.jpg', 'application/octet-stream': 'https://www.gutenberg.org/cache/epub/12122/pg12122-h.zip'}",1110,12122.txt
1063,The Cask of Amontillado,"[{'name': 'Poe, Edgar Allan', 'birth_year': 1809, 'death_year': 1849}]",[],"['Horror tales, American', 'Revenge -- Fiction']",[],['en'],False,Text,"{'text/html': 'https://www.gutenberg.org/ebooks/1063.html.images', 'text/html; charset=iso-8859-1': 'https://www.gutenberg.org/files/1063/1063-h/1063-h.htm', 'application/epub+zip': 'https://www.gutenberg.org/ebooks/1063.epub3.images', 'application/x-mobipocket-ebook': 'https://www.gutenberg.org/ebooks/1063.kf8.images', 'application/rdf+xml': 'https://www.gutenberg.org/ebooks/1063.rdf', 'image/jpeg': 'https://www.gutenberg.org/cache/epub/1063/pg1063.cover.medium.jpg', 'application/octet-stream': 'https://www.gutenberg.org/cache/epub/1063/pg1063-h.zip', 'text/plain; charset=us-ascii': 'https://www.gutenberg.org/ebooks/1063.txt.utf-8'}",1249,1063.txt
1251,Le Morte d'Arthur: Volume 1,"[{'name': 'Malory, Thomas, Sir', 'birth_year': None, 'death_year': 1471}]",[],"['Arthur, King -- Legends', 'Arthurian romances']","['Arthurian Legends', 'Fantasy']",['en'],False,Text,"{'text/html': 'https://www.gutenberg.org/ebooks/1251.html.images', 'text/html; charset=utf-8': 'https://www.gutenberg.org/files/1251/1251-h/1251-h.htm', 'application/epub+zip': 'https://www.gutenberg.org/ebooks/1251.epub3.images', 'application/x-mobipocket-ebook': 'https://www.gutenberg.org/ebooks/1251.kf8.images', 'text/plain; charset=utf-8': 'https://www.gutenberg.org/files/1251/1251-0.txt', 'application/rdf+xml': 'https://www.gutenberg.org/ebooks/1251.rdf', 'image/jpeg': 'https://www.gutenberg.org/cache/epub/1251/pg1251.cover.medium.jpg', 'application/octet-stream': 'https://www.gutenberg.org/cache/epub/1251/pg1251-h.zip', 'text/plain; charset=us-ascii': 'https://www.gutenberg.org/ebooks/1251.txt.utf-8'}",4679,1251.txt
12,Through the Looking-Glass,"[{'name': 'Carroll, Lewis', 'birth_year': 1832, 'death_year': 1898}]",[],"['Alice (Fictitious character from Carroll) -- Juvenile fiction', ""Children's stories"", 'Fantasy fiction', 'Imaginary places -- Juvenile fiction']","['Best Books Ever Listings', ""Children's Literature""]",['en'],False,Text,"{'text/html': 'https://www.gutenberg.org/ebooks/12.html.images', 'application/epub+zip': 'https://www.gutenberg.org/ebooks/12.epub3.images', 'application/x-mobipocket-ebook': 'https://www.gutenberg.org/ebooks/12.kf8.images', 'application/rdf+xml': 'https://www.gutenberg.org/ebooks/12.rdf', 'image/jpeg': 'https://www.gutenberg.org/cache/epub/12/pg12.cover.medium.jpg', 'application/octet-stream': 'https://www.gutenberg.org/files/12/12-0.zip', 'text/plain; charset=us-ascii': 'https://www.gutenberg.org/ebooks/12.txt.utf-8'}",7231,12.txt
2148,The Works of Edgar Allan Poe — Volume 2,"[{'name': 'Poe, Edgar Allan', 'birth_year': 1809, 'death_year': 1849}]",[],"['American fiction -- 19th century', 'Fantasy fiction', 'Horror tales, American', 'Short stories']","['Detective Fiction', 'Gothic Fiction', 'Horror', 'Mystery Fiction']",['en'],False,Text,"{'text/html': 'https://www.gutenberg.org/ebooks/2148.html.images', 'application/epub+zip': 'https://www.gutenberg.org/ebooks/2148.epub3.images', 'application/x-mobipocket-ebook': 'https://www.gutenberg.org/ebooks/2148.kf8.images', 'application/rdf+xml': 'https://www.gutenberg.org/ebooks/2148.rdf', 'image/jpeg': 'https://www.gutenberg.org/cache/epub/2148/pg2148.cover.medium.jpg', 'text/plain; charset=us-ascii': 'https://www.gutenberg.org/ebooks/2148.txt.utf-8', 'application/octet-stream': 'https://www.gutenberg.org/cache/epub/2148/pg2148-h.zip'}",4282,2148.txt
829,Gulliver's Travels into Several Remote Nations of the World,"[{'name': 'Swift, Jonathan', 'birth_year': 1667, 'death_year': 1745}]",[],"['Fantasy fiction', 'Gulliver, Lemuel (Fictitious character) -- Fiction', 'Satire', 'Travelers -- Fiction', 'Voyages, Imaginary -- Early works to 1800']","[""Banned Books from Anne Haight's list"", 'Best Books Ever Listings']",['en'],False,Text,"{'text/html': 'https://www.gutenberg.org/ebooks/829.html.images', 'application/epub+zip': 'https://www.gutenberg.org/ebooks/829.epub3.images', 'application/x-mobipocket-ebook': 'https://www.gutenberg.org/ebooks/829.kf8.images', 'application/rdf+xml': 'https://www.gutenberg.org/ebooks/829.rdf', 'image/jpeg': 'https://www.gutenberg.org/cache/epub/829/pg829.cover.medium.jpg', 'application/octet-stream': 'https://www.gutenberg.org/files/829/829-0.zip', 'text/plain; charset=us-ascii': 'https://www.gutenberg.org/ebooks/829.txt.utf-8'}",5216,829.txt
54,The Marvelous Land of Oz,"[{'name': 'Baum, L. Frank (Lyman Frank)', 'birth_year': 1856, 'death_year': 1919}]",[],"['Conduct of life -- Juvenile fiction', 'Fantasy literature', 'Friendship -- Juvenile fiction', 'Kings and rulers -- Juvenile fiction', 'Magic -- Juvenile fiction', 'Oz (Imaginary place) -- Juvenile fiction', 'Practical jokes -- Juvenile fiction', 'Queens -- Juvenile fiction', 'Voyages and travels -- Juvenile fiction', 'Witches -- Juvenile fiction', 'Women soldiers -- Juvenile fiction', 'Youth -- Conduct of life -- Juvenile fiction']","[""Children's Literature"", 'Fantasy']",['en'],False,Text,"{'text/html': 'https://www.gutenberg.org/ebooks/54.html.images', 'application/epub+zip': 'https://www.gutenberg.org/ebooks/54.epub3.images', 'application/x-mobipocket-ebook': 'https://www.gutenberg.org/ebooks/54.kf8.images', 'application/rdf+xml': 'https://www.gutenberg.org/ebooks/54.rdf', 'image/jpeg': 'https://www.gutenberg.org/cache/epub/54/pg54.cover.medium.jpg', 'application/octet-stream': 'https://www.gutenberg.org/files/54/54-0.zip', 'text/plain; charset=us-ascii': 'https://www.gutenberg.org/ebooks/54.txt.utf-8'}",1557,54.txt
45858,Lucian's True History,"[{'name': 'Lucian, of Samosata', 'birth_year': 120, 'death_year': 180}]","[{'name': 'Hickes, Francis', 'birth_year': 1566, 'death_year': 1631}]","['Satire, Greek -- Translations into English', 'Voyages, Imaginary -- Early works to 1800']",['Precursors of Science Fiction'],['en'],False,Text,"{'text/html': 'https://www.gutenberg.org/ebooks/45858.html.images', 'application/epub+zip': 'https://www.gutenberg.org/ebooks/45858.epub3.images', 'application/x-mobipocket-ebook': 'https://www.gutenberg.org/ebooks/45858.kf8.images', 'application/rdf+xml': 'https://www.gutenberg.org/ebooks/45858.rdf', 'image/jpeg': 'https://www.gutenberg.org/cache/epub/45858/pg45858.cover.medium.jpg', 'text/plain; charset=us-ascii': 'https://www.gutenberg.org/ebooks/45858.txt.utf-8', 'application/octet-stream': 'https://www.gutenberg.org/cache/epub/45858/pg45858-h.zip'}",1317,45858.txt
5230,The Invisible Man: A Grotesque Romance,"[{'name': 'Wells, H. G. (Herbert George)', 'birth_year': 1866, 'death_year': 1946}]",[],"['Mentally ill -- Fiction', 'Psychological fiction', 'Science fiction', 'Scientists -- Fiction']",['Movie Books'],['en'],False,Text,"{'text/html': 'https://www.gutenberg.org/ebooks/5230.html.images', 'application/epub+zip': 'https://www.gutenberg.org/ebooks/5230.epub3.images', 'application/x-mobipocket-ebook': 'https://www.gutenberg.org/ebooks/5230.kf8.images', 'application/rdf+xml': 'https://www.gutenberg.org/ebooks/5230.rdf', 'image/jpeg': 'https://www.gutenberg.org/cache/epub/5230/pg5230.cover.medium.jpg', 'application/octet-stream': 'https://www.gutenberg.org/files/5230/5230-0.zip', 'text/plain; charset=us-ascii': 'https://www.gutenberg.org/ebooks/5230.txt.utf-8'}",2376,5230.txt
6087,The Vampyre; a Tale,"[{'name': 'Polidori, John William', 'birth_year': 1795, 'death_year': 1821}]",[],"['Gothic fiction', 'Horror tales', 'Vampires -- Fiction']","['Gothic Fiction', 'Horror']",['en'],False,Text,"{'text/html': 'https://www.gutenberg.org/ebooks/6087.html.images', 'text/html; charset=iso-8859-1': 'https://www.gutenberg.org/files/6087/6087-h/6087-h.htm', 'application/epub+zip': 'https://www.gutenberg.org/ebooks/6087.epub3.images', 'application/x-mobipocket-ebook': 'https://www.gutenberg.org/ebooks/6087.kf8.images', 'text/plain; charset=iso-8859-1': 'https://www.gutenberg.org/files/6087/6087-8.txt', 'application/rdf+xml': 'https://www.gutenberg.org/ebooks/6087.rdf', 'image/jpeg': 'https://www.gutenberg.org/cache/epub/6087/pg6087.cover.medium.jpg', 'application/octet-stream': 'https://www.gutenberg.org/cache/epub/6087/pg6087-h.zip', 'text/plain; charset=us-ascii': 'https://www.gutenberg.org/ebooks/6087.txt.utf-8'}",2449,6087.txt
73869,Farewell message,"[{'name': 'Mason, David', 'birth_year': 1924, 'death_year': 1974}]",[],"['Earth (Planet) -- Fiction', 'Human-alien encounters -- Fiction', 'Science fiction', 'Short stories']",[],['en'],False,Text,"{'text/html': 'https://www.gutenberg.org/ebooks/73869.html.images', 'application/epub+zip': 'https://www.gutenberg.org/ebooks/73869.epub3.images', 'application/x-mobipocket-ebook': 'https://www.gutenberg.org/ebooks/73869.kf8.images', 'text/plain; charset=us-ascii': 'https://www.gutenberg.org/ebooks/73869.txt.utf-8', 'application/rdf+xml': 'https://www.gutenberg.org/ebooks/73869.rdf', 'image/jpeg': 'https://www.gutenberg.org/cache/epub/73869/pg73869.cover.medium.jpg', 'application/octet-stream': 'https://www.gutenberg.org/cache/epub/73869/pg73869-h.zip'}",1254,73869.txt
84,"Frankenstein; Or, The Modern Prometheus","[{'name': 'Shelley, Mary Wollstonecraft', 'birth_year': 1797, 'death_year': 1851}]",[],"[""Frankenstein's monster (Fictitious character) -- Fiction"", 'Frankenstein, Victor (Fictitious character) -- Fiction', 'Gothic fiction', 'Horror tales', 'Monsters -- Fiction', 'Science fiction', 'Scientists -- Fiction']","['Gothic Fiction', 'Movie Books', 'Precursors of Science Fiction', 'Science Fiction by Women']",['en'],False,Text,"{'text/html': 'https://www.gutenberg.org/ebooks/84.html.images', 'application/epub+zip': 'https://www.gutenberg.org/ebooks/84.epub3.images', 'application/x-mobipocket-ebook': 'https://www.gutenberg.org/ebooks/84.kf8.images', 'application/rdf+xml': 'https://www.gutenberg.org/ebooks/84.rdf', 'image/jpeg': 'https://www.gutenberg.org/cache/epub/84/pg84.cover.medium.jpg', 'text/plain; charset=us-ascii': 'https://www.gutenberg.org/ebooks/84.txt.utf-8', 'application/octet-stream': 'https://www.gutenberg.org/cache/epub/84/pg84-h.zip'}",33505,84.txt
164,Twenty Thousand Leagues under the Sea,"[{'name': 'Verne, Jules', 'birth_year': 1828, 'death_year': 1905}]",[],"['Adventure stories', 'Science fiction', 'Sea stories', 'Submarines (Ships) -- Fiction', 'Underwater exploration -- Fiction']",['Science Fiction'],['en'],False,Text,"{'text/html': 'https://www.gutenberg.org/ebooks/164.html.images', 'application/epub+zip': 'https://www.gutenberg.org/ebooks/164.epub3.images', 'application/x-mobipocket-ebook': 'https://www.gutenberg.org/ebooks/164.kf8.images', 'text/plain; charset=us-ascii': 'https://www.gutenberg.org/ebooks/164.txt.utf-8', 'application/rdf+xml': 'https://www.gutenberg.org/ebooks/164.rdf', 'image/jpeg': 'https://www.gutenberg.org/cache/epub/164/pg164.cover.medium.jpg', 'application/octet-stream': 'https://www.gutenberg.org/cache/epub/164/pg164-h.zip'}",4147,164.txt
55,The Wonderful Wizard of Oz,"[{'name': 'Baum, L. Frank (Lyman Frank)', 'birth_year': 1856, 'death_year': 1919}]",[],"['Courage -- Juvenile fiction', 'Cowardly Lion (Fictitious character) -- Juvenile fiction', 'Cyclones -- Juvenile fiction', 'Dreams -- Juvenile fiction', 'Fantasy literature', 'Gale, Dorothy (Fictitious character) -- Juvenile fiction', 'Good and evil -- Juvenile fiction', 'Home -- Juvenile fiction', 'Oz (Imaginary place) -- Juvenile fiction', 'Scarecrow (Fictitious character from Baum) -- Juvenile fiction', 'Tin Woodman (Fictitious character) -- Juvenile fiction', 'Toto (Fictitious character) -- Juvenile fiction', 'Witches -- Juvenile fiction', 'Wizard of Oz (Fictitious character) -- Juvenile fiction']","[""Children's Literature"", 'Fantasy']",['en'],False,Text,"{'text/html': 'https://www.gutenberg.org/ebooks/55.html.images', 'text/html; charset=utf-8': 'https://www.gutenberg.org/files/55/55-h/55-h.htm', 'application/epub+zip': 'https://www.gutenberg.org/ebooks/55.epub3.images', 'application/x-mobipocket-ebook': 'https://www.gutenberg.org/ebooks/55.kf8.images', 'text/plain; charset=utf-8': 'https://www.gutenberg.org/files/55/55-0.txt', 'application/rdf+xml': 'https://www.gutenberg.org/ebooks/55.rdf', 'image/jpeg': 'https://www.gutenberg.org/cache/epub/55/pg55.cover.medium.jpg', 'application/octet-stream': 'https://www.gutenberg.org/cache/epub/55/pg55-h.zip', 'text/plain; charset=us-ascii': 'https://www.gutenberg.org/ebooks/55.txt.utf-8'}",7939,55.txt
73860,Among the gnomes : $b An occult tale of adventure in the Untersberg,"[{'name': 'Hartmann, Franz', 'birth_year': 1838, 'death_year': 1912}]",[],"['Fantasy fiction', 'German fiction -- Translations into English']",[],['en'],False,Text,"{'text/html': 'https://www.gutenberg.org/ebooks/73860.html.images', 'application/epub+zip': 'https://www.gutenberg.org/ebooks/73860.epub3.images', 'application/x-mobipocket-ebook': 'https://www.gutenberg.org/ebooks/73860.kf8.images', 'text/plain; charset=us-ascii': 'https://www.gutenberg.org/ebooks/73860.txt.utf-8', 'application/rdf+xml': 'https://www.gutenberg.org/ebooks/73860.rdf', 'image/jpeg': 'https://www.gutenberg.org/cache/epub/73860/pg73860.cover.medium.jpg', 'application/octet-stream': 'https://www.gutenberg.org/cache/epub/73860/pg73860-h.zip'}",1935,73860.txt
8492,The King in Yellow,"[{'name': 'Chambers, Robert W. (Robert William)', 'birth_year': 1865, 'death_year': 1933}]",[],"['Horror tales, American', 'Short stories, American', 'United States -- Social life and customs -- 19th century -- Fiction']",['Horror'],['en'],False,Text,"{'text/html': 'https://www.gutenberg.org/ebooks/8492.html.images', 'text/html; charset=iso-8859-1': 'https://www.gutenberg.org/files/8492/8492-h/8492-h.htm', 'application/epub+zip': 'https://www.gutenberg.org/ebooks/8492.epub3.images', 'application/x-mobipocket-ebook': 'https://www.gutenberg.org/ebooks/8492.kf8.images', 'text/plain; charset=iso-8859-1': 'https://www.gutenberg.org/files/8492/8492-8.txt', 'application/rdf+xml': 'https://www.gutenberg.org/ebooks/8492.rdf', 'image/jpeg': 'https://www.gutenberg.org/cache/epub/8492/pg8492.cover.medium.jpg', 'application/octet-stream': 'https://www.gutenberg.org/cache/epub/8492/pg8492-h.zip', 'text/plain; charset=us-ascii': 'https://www.gutenberg.org/ebooks/8492.txt.utf-8'}",8229,8492.txt
51233,The Marching Morons,"[{'name': 'Kornbluth, C. M. (Cyril M.)', 'birth_year': 1923, 'death_year': 1958}]",[],['Science fiction'],['Science Fiction'],['en'],False,Text,"{'text/plain; charset=us-ascii': 'https://www.gutenberg.org/ebooks/51233.txt.utf-8', 'text/html': 'https://www.gutenberg.org/ebooks/51233.html.images', 'text/html; charset=us-ascii': 'https://www.gutenberg.org/files/51233/51233-h/51233-h.htm', 'application/epub+zip': 'https://www.gutenberg.org/ebooks/51233.epub3.images', 'application/x-mobipocket-ebook': 'https://www.gutenberg.org/ebooks/51233.kf8.images', 'application/rdf+xml': 'https://www.gutenberg.org/ebooks/51233.rdf', 'image/jpeg': 'https://www.gutenberg.org/cache/epub/51233/pg51233.cover.medium.jpg', 'application/octet-stream': 'https://www.gutenberg.org/cache/epub/51233/pg51233-h.zip'}",1766,51233.txt
696,The Castle of Otranto,"[{'name': 'Walpole, Horace', 'birth_year': 1717, 'death_year': 1797}]",[],"['Gothic fiction', 'Horror tales', 'Inheritance and succession -- Fiction']",['Gothic Fiction'],['en'],False,Text,"{'text/html': 'https://www.gutenberg.org/ebooks/696.html.images', 'application/epub+zip': 'https://www.gutenberg.org/ebooks/696.epub3.images', 'application/x-mobipocket-ebook': 'https://www.gutenberg.org/ebooks/696.kf8.images', 'text/plain; charset=utf-8': 'https://www.gutenberg.org/files/696/696-0.txt', 'application/rdf+xml': 'https://www.gutenberg.org/ebooks/696.rdf', 'image/jpeg': 'https://www.gutenberg.org/cache/epub/696/pg696.cover.medium.jpg', 'application/octet-stream': 'https://www.gutenberg.org/cache/epub/696/pg696-h.zip', 'text/plain; charset=us-ascii': 'https://www.gutenberg.org/ebooks/696.txt.utf-8'}",1996,696.txt
5200,Metamorphosis,"[{'name': 'Kafka, Franz', 'birth_year': 1883, 'death_year': 1924}]","[{'name': 'Wyllie, David (Translator)', 'birth_year': None, 'death_year': None}]","['Metamorphosis -- Fiction', 'Psychological fiction']",['Horror'],['en'],True,Text,"{'text/html': 'https://www.gutenberg.org/ebooks/5200.html.images', 'text/html; charset=iso-8859-1': 'https://www.gutenberg.org/files/5200/5200-h/5200-h.htm', 'application/epub+zip': 'https://www.gutenberg.org/ebooks/5200.epub3.images', 'application/x-mobipocket-ebook': 'https://www.gutenberg.org/ebooks/5200.kf8.images', 'text/plain; charset=utf-8': 'https://www.gutenberg.org/files/5200/5200-0.txt', 'application/rdf+xml': 'https://www.gutenberg.org/ebooks/5200.rdf', 'image/jpeg': 'https://www.gutenberg.org/cache/epub/5200/pg5200.cover.medium.jpg', 'application/octet-stream': 'https://www.gutenberg.org/cache/epub/5200/pg5200-h.zip', 'text/plain; charset=us-ascii': 'https://www.gutenberg.org/ebooks/5200.txt.utf-8'}",20365,5200.txt
932,The Fall of the House of Usher,"[{'name': 'Poe, Edgar Allan', 'birth_year': 1809, 'death_year': 1849}]",[],"['Gothic fiction', 'Horror tales', 'Short stories']",['Movie Books'],['en'],False,Text,"{'text/html': 'https://www.gutenberg.org/ebooks/932.html.images', 'text/html; charset=iso-8859-1': 'https://www.gutenberg.org/files/932/932-h/932-h.htm', 'application/epub+zip': 'https://www.gutenberg.org/ebooks/932.epub3.images', 'application/x-mobipocket-ebook': 'https://www.gutenberg.org/ebooks/932.kf8.images', 'application/rdf+xml': 'https://www.gutenberg.org/ebooks/932.rdf', 'image/jpeg': 'https://www.gutenberg.org/cache/epub/932/pg932.cover.medium.jpg', 'application/octet-stream': 'https://www.gutenberg.org/cache/epub/932/pg932-h.zip', 'text/plain; charset=us-ascii': 'https://www.gutenberg.org/ebooks/932.txt.utf-8'}",1918,932.txt
